{
  "hash": "e42c240a",
  "configHash": "4a3f0cbc",
  "lockfileHash": "ffdfed79",
  "browserHash": "331dfa1c",
  "optimized": {
    "@angular/common": {
      "src": "../../../../../node_modules/@angular/common/fesm2022/common.mjs",
      "file": "@angular_common.js",
      "fileHash": "7ce12d15",
      "needsInterop": false
    },
    "@angular/core": {
      "src": "../../../../../node_modules/@angular/core/fesm2022/core.mjs",
      "file": "@angular_core.js",
      "fileHash": "c640ff84",
      "needsInterop": false
    },
    "@angular/material/card": {
      "src": "../../../../../node_modules/@angular/material/fesm2022/card.mjs",
      "file": "@angular_material_card.js",
      "fileHash": "fc875297",
      "needsInterop": false
    },
    "@angular/material/form-field": {
      "src": "../../../../../node_modules/@angular/material/fesm2022/form-field.mjs",
      "file": "@angular_material_form-field.js",
      "fileHash": "539784e2",
      "needsInterop": false
    },
    "@angular/material/grid-list": {
      "src": "../../../../../node_modules/@angular/material/fesm2022/grid-list.mjs",
      "file": "@angular_material_grid-list.js",
      "fileHash": "c31ebb77",
      "needsInterop": false
    },
    "@angular/material/icon": {
      "src": "../../../../../node_modules/@angular/material/fesm2022/icon.mjs",
      "file": "@angular_material_icon.js",
      "fileHash": "a2fa7f6a",
      "needsInterop": false
    },
    "@angular/material/select": {
      "src": "../../../../../node_modules/@angular/material/fesm2022/select.mjs",
      "file": "@angular_material_select.js",
      "fileHash": "a7f36153",
      "needsInterop": false
    },
    "@angular/material/toolbar": {
      "src": "../../../../../node_modules/@angular/material/fesm2022/toolbar.mjs",
      "file": "@angular_material_toolbar.js",
      "fileHash": "e13e4a90",
      "needsInterop": false
    },
    "@angular/platform-browser": {
      "src": "../../../../../node_modules/@angular/platform-browser/fesm2022/platform-browser.mjs",
      "file": "@angular_platform-browser.js",
      "fileHash": "d64e4895",
      "needsInterop": false
    },
    "@angular/platform-browser/animations/async": {
      "src": "../../../../../node_modules/@angular/platform-browser/fesm2022/animations/async.mjs",
      "file": "@angular_platform-browser_animations_async.js",
      "fileHash": "daa7edb6",
      "needsInterop": false
    },
    "@angular/router": {
      "src": "../../../../../node_modules/@angular/router/fesm2022/router.mjs",
      "file": "@angular_router.js",
      "fileHash": "ba86580c",
      "needsInterop": false
    },
    "@ngrx/effects": {
      "src": "../../../../../node_modules/@ngrx/effects/fesm2022/ngrx-effects.mjs",
      "file": "@ngrx_effects.js",
      "fileHash": "4e30a98c",
      "needsInterop": false
    },
    "@ngrx/router-store": {
      "src": "../../../../../node_modules/@ngrx/router-store/fesm2022/ngrx-router-store.mjs",
      "file": "@ngrx_router-store.js",
      "fileHash": "420b69a2",
      "needsInterop": false
    },
    "@ngrx/store": {
      "src": "../../../../../node_modules/@ngrx/store/fesm2022/ngrx-store.mjs",
      "file": "@ngrx_store.js",
      "fileHash": "b1d4350d",
      "needsInterop": false
    },
    "@ngrx/store-devtools": {
      "src": "../../../../../node_modules/@ngrx/store-devtools/fesm2022/ngrx-store-devtools.mjs",
      "file": "@ngrx_store-devtools.js",
      "fileHash": "6a5b54bf",
      "needsInterop": false
    },
    "rxjs": {
      "src": "../../../../../node_modules/rxjs/dist/esm5/index.js",
      "file": "rxjs.js",
      "fileHash": "1b17b951",
      "needsInterop": false
    },
    "@angular/common/http": {
      "src": "../../../../../node_modules/@angular/common/fesm2022/http.mjs",
      "file": "@angular_common_http.js",
      "fileHash": "b4e67bb1",
      "needsInterop": false
    },
    "@angular/material/core": {
      "src": "../../../../../node_modules/@angular/material/fesm2022/core.mjs",
      "file": "@angular_material_core.js",
      "fileHash": "fe3b83a0",
      "needsInterop": false
    },
    "@angular/cdk/drag-drop": {
      "src": "../../../../../node_modules/@angular/cdk/fesm2022/drag-drop.mjs",
      "file": "@angular_cdk_drag-drop.js",
      "fileHash": "9b64595c",
      "needsInterop": false
    },
    "@angular/material/list": {
      "src": "../../../../../node_modules/@angular/material/fesm2022/list.mjs",
      "file": "@angular_material_list.js",
      "fileHash": "37999439",
      "needsInterop": false
    },
    "@angular/material/expansion": {
      "src": "../../../../../node_modules/@angular/material/fesm2022/expansion.mjs",
      "file": "@angular_material_expansion.js",
      "fileHash": "ba0e53d7",
      "needsInterop": false
    },
    "@angular/material/button": {
      "src": "../../../../../node_modules/@angular/material/fesm2022/button.mjs",
      "file": "@angular_material_button.js",
      "fileHash": "ffbc60db",
      "needsInterop": false
    }
  },
  "chunks": {
    "browser-5T2IPIIS": {
      "file": "browser-5T2IPIIS.js"
    },
    "chunk-S4FQP5P2": {
      "file": "chunk-S4FQP5P2.js"
    },
    "chunk-S54PQPDL": {
      "file": "chunk-S54PQPDL.js"
    },
    "chunk-N5OZSURC": {
      "file": "chunk-N5OZSURC.js"
    },
    "chunk-SLXAOBNV": {
      "file": "chunk-SLXAOBNV.js"
    },
    "chunk-E57DY33S": {
      "file": "chunk-E57DY33S.js"
    },
    "chunk-2YSLF3RQ": {
      "file": "chunk-2YSLF3RQ.js"
    },
    "chunk-UGCAWEZB": {
      "file": "chunk-UGCAWEZB.js"
    },
    "chunk-UEYCAJAW": {
      "file": "chunk-UEYCAJAW.js"
    },
    "chunk-SSAANUY4": {
      "file": "chunk-SSAANUY4.js"
    },
    "chunk-Z4JU56E3": {
      "file": "chunk-Z4JU56E3.js"
    },
    "chunk-SNLZTXNP": {
      "file": "chunk-SNLZTXNP.js"
    },
    "chunk-ERGDQ6DE": {
      "file": "chunk-ERGDQ6DE.js"
    },
    "chunk-27FJ4Z7C": {
      "file": "chunk-27FJ4Z7C.js"
    },
    "chunk-EKB2PBNV": {
      "file": "chunk-EKB2PBNV.js"
    },
    "chunk-R7GQRDZ6": {
      "file": "chunk-R7GQRDZ6.js"
    }
  }
}